{"loss":{"0":0.560718596},"accuracy":{"0":0.6638655663},"val_loss":{"0":0.5331822038},"val_accuracy":{"0":0.6666666865}}